{
  "test_loss": 0.030103283634128404,
  "test_accuracy": 0.9924783753290711,
  "test_macro_f1": 0.9908793568611145
}