{
  "test_loss": 0.1461462962914953,
  "test_accuracy": 0.9585711655312097,
  "test_macro_f1": 0.9445643424987793
}