{
  "test_loss": 0.03909343479417609,
  "test_accuracy": 0.9933713864849936,
  "test_macro_f1": 0.9908979535102844
}